{
  "feature_names": [
    "close_norm",
    "volume_norm",
    "rsi",
    "macd_hist",
    "bb_position",
    "volatility",
    "obv_norm",
    "mfi",
    "aroon_up"
  ],
  "seq_len": 60,
  "forecast_days": 5,
  "hidden_size": 32,
  "n_features": 9,
  "lr": 0.0005,
  "epochs": 30,
  "metrics": {
    "accuracy": 0.625,
    "recall": 1.0,
    "f1": 0.7692307692307693,
    "mse": 0.016755666568469857
  },
  "last_dir_pred": [
    1,
    1,
    1,
    1,
    1,
    1,
    1,
    1,
    1,
    1,
    1,
    1,
    1,
    1,
    1,
    1,
    1,
    1,
    1,
    1,
    1,
    1,
    1,
    1,
    1,
    1,
    1,
    1,
    1,
    1,
    1,
    1,
    1,
    1,
    1,
    1,
    1,
    1,
    1,
    1,
    1,
    1,
    1,
    1,
    1,
    1,
    1,
    1,
    1,
    1,
    1,
    1,
    1,
    1,
    1,
    1,
    1,
    1,
    1,
    1,
    1,
    1,
    1,
    1,
    1,
    1,
    1,
    1,
    1,
    1,
    1,
    1,
    1,
    1,
    1,
    1,
    1,
    1,
    1,
    1,
    1,
    1,
    1,
    1,
    1,
    1,
    1,
    1,
    1,
    1,
    1,
    1,
    1,
    1,
    1,
    1,
    1,
    1,
    1,
    1,
    1,
    1,
    1,
    1,
    1,
    1,
    1,
    1,
    1,
    1,
    1,
    1,
    1,
    1,
    1,
    1,
    1,
    1,
    1,
    1,
    1,
    1,
    1,
    1,
    1,
    1,
    1,
    1,
    1,
    1,
    1,
    1,
    1,
    1,
    1,
    1,
    1,
    1,
    1,
    1,
    1,
    1,
    1,
    1,
    1,
    1,
    1,
    1,
    1,
    1,
    1,
    1,
    1,
    1,
    1,
    1,
    1,
    1,
    1,
    1,
    1,
    1,
    1,
    1,
    1,
    1,
    1,
    1,
    1,
    1,
    1,
    1,
    1,
    1,
    1,
    1,
    1,
    1,
    1,
    1,
    1,
    1,
    1,
    1
  ],
  "last_mag_pred": [
    0.04700740799307823,
    0.04969966411590576,
    0.04611562192440033,
    0.04409756511449814,
    0.042799536138772964,
    0.042453791946172714,
    0.041971221566200256,
    0.04215669259428978,
    0.04103076457977295,
    0.0417802631855011,
    0.04287072271108627,
    0.04446837306022644,
    0.047844067215919495,
    0.04755072295665741,
    0.042700108140707016,
    0.04498395323753357,
    0.0447896271944046,
    0.04311961680650711,
    0.04438530653715134,
    0.04253849387168884,
    0.050223831087350845,
    0.0542362816631794,
    0.052962228655815125,
    0.06320050358772278,
    0.06608182191848755,
    0.06154591590166092,
    0.057859450578689575,
    0.05928025394678116,
    0.057468924671411514,
    0.05184728652238846,
    0.04596354067325592,
    0.047283727675676346,
    0.04567248374223709,
    0.04164047911763191,
    0.03911600261926651,
    0.0378495454788208,
    0.03711789846420288,
    0.03792477399110794,
    0.04516873136162758,
    0.04511959105730057,
    0.0472387969493866,
    0.05570724606513977,
    0.059922248125076294,
    0.05807364732027054,
    0.053929559886455536,
    0.05044155195355415,
    0.04789562523365021,
    0.047322239726781845,
    0.052594613283872604,
    0.06184222549200058,
    0.06259128451347351,
    0.05731643736362457,
    0.05335618928074837,
    0.053360715508461,
    0.05471304431557655,
    0.05676469951868057,
    0.05505681782960892,
    0.05410554260015488,
    0.05104240030050278,
    0.04754602909088135,
    0.046129655092954636,
    0.043841034173965454,
    0.04152148962020874,
    0.0385957807302475,
    0.03872521221637726,
    0.042807165533304214,
    0.04511348903179169,
    0.045626409351825714,
    0.045360490679740906,
    0.041786499321460724,
    0.0397624671459198,
    0.04187346249818802,
    0.041789598762989044,
    0.04279378056526184,
    0.04218965023756027,
    0.04075516760349274,
    0.042804233729839325,
    0.0383279025554657,
    0.03875787556171417,
    0.04435977339744568,
    0.0449037030339241,
    0.04318621754646301,
    0.043228790163993835,
    0.044733330607414246,
    0.04989754408597946,
    0.05016721785068512,
    0.05216114595532417,
    0.05162745714187622,
    0.05691227316856384,
    0.0597512349486351,
    0.06439833343029022,
    0.061984457075595856,
    0.055785275995731354,
    0.061299026012420654,
    0.06062345206737518,
    0.05674353241920471,
    0.05166298523545265,
    0.04743947088718414,
    0.043406374752521515,
    0.04338328167796135,
    0.04786566644906998,
    0.04769248142838478,
    0.04666564613580704,
    0.05038025230169296,
    0.053243815898895264,
    0.05740666016936302,
    0.0539226308465004,
    0.054165616631507874,
    0.06146957352757454,
    0.06465014070272446,
    0.061795562505722046,
    0.06744257360696793,
    0.07323592901229858,
    0.07066119462251663,
    0.06819546222686768,
    0.06467586755752563,
    0.06011545658111572,
    0.05499498173594475,
    0.052177973091602325,
    0.048273101449012756,
    0.04707876592874527,
    0.045576658099889755,
    0.043649278581142426,
    0.04182663559913635,
    0.039549537003040314,
    0.037318453192710876,
    0.03524564951658249,
    0.033427417278289795,
    0.03545995056629181,
    0.038579702377319336,
    0.0391576886177063,
    0.042665399610996246,
    0.04228886961936951,
    0.040017999708652496,
    0.034853965044021606,
    0.033443987369537354,
    0.03184489905834198,
    0.03051052987575531,
    0.030300572514533997,
    0.031328871846199036,
    0.03135573863983154,
    0.03157272934913635,
    0.030760139226913452,
    0.03626473248004913,
    0.038336291909217834,
    0.03973458707332611,
    0.03937371075153351,
    0.040124259889125824,
    0.04154500365257263,
    0.0406850129365921,
    0.04366932809352875,
    0.04377055913209915,
    0.04094170033931732,
    0.03907358646392822,
    0.03740793466567993,
    0.04019889980554581,
    0.03930707275867462,
    0.03760027885437012,
    0.04219386354088783,
    0.04386783391237259,
    0.04741206020116806,
    0.04686328396201134,
    0.04931209608912468,
    0.05800681933760643,
    0.057960741221904755,
    0.0556468665599823,
    0.057199105620384216,
    0.059816624969244,
    0.05902205780148506,
    0.055260997265577316,
    0.05239913612604141,
    0.055704496800899506,
    0.059976816177368164,
    0.0664697214961052,
    0.07077115029096603,
    0.07241344451904297,
    0.0690041109919548,
    0.07299461960792542,
    0.07621293514966965,
    0.08108839392662048,
    0.07834161818027496,
    0.08175232261419296,
    0.08584006875753403,
    0.08330878615379333
  ]
}